Feed Sulphur,Metal Recovery
0.15,32.26584484
0.23,45.95789557
0.33,59.48837438
0.31,50.12125069
0.35,56.8484138
0.35,55.97266885
0.45,57.8002666
0.5,62.77174956
0.8,59.65661226
0.81,66.93654562
0.83,69.3870611
0.88,68.66535865
0.93,62.57549468
1,73.91826268
1.35,69.85600393
